判定	一致度	単語	聞こえた内容	ファイル
NG	0.00	sudden	7.	a1kacg3v.mp3
NG	0.00	view	Deal.	a25kth.mp3
NG	0.12	employee	and play.	ajqk71q.mp3
NG	0.18	various	There he is.	a3wzfmz.mp3
NG	0.20	weigh	Way.	a1va8os.mp3
NG	0.25	seem	same	a23kvu.mp3
NG	0.29	appear	Up here.	a1bozyj9.mp3
NG	0.33	injure	Enter.	a1fg5uub.mp3
NG	0.40	cause	Coos.	a1k8221.mp3
NG	0.40	repair	We're pare.	a1jkppxp.mp3
NG	0.40	solve	Self.	a1t9irj.mp3
？	0.50	earn	Turn.	a1ukew.mp3
？	0.50	hire	Higher.	a1wnas.mp3
？	0.50	weight	Wait.	a1lxthfc.mp3
？	0.50	wooden	Witten.	a1m3f6za.mp3
？	0.55	remove	We're moved.	a1jko3no.mp3
？	0.56	show up	She'll up.	ay6rx5q.mp3
？	0.57	common	Come in.	a1cmho17.mp3
？	0.60	whole	Hold.	a1vca7r.mp3
？	0.67	give back 〜	Get back.	a1esg8ia.mp3
？	0.67	warn	Warren.	a2626e.mp3
OK	0.75	lend	Land.	a1z46n.mp3
OK	0.75	look up 〜	Look out.	ahq8rso.mp3
OK	0.78	hear from 〜	Here from...	a1887qu0.mp3
OK	0.80	keep -ing	Keep doing.	a154rbrk.mp3
OK	0.80	prize	Price.	a1rnzte.mp3
OK	0.83	borrow	Barrow.	a1c5jcad.mp3
OK	0.83	make up one's mind	Make up once mind.	a1aozfkj.mp3
OK	0.86	abroad	A broad.	a1bhcblt.mp3
OK	0.86	asleep	A sleep.	a1bqksgm.mp3
OK	0.87	feel like -ing	Feel like doing.	audf3pg.mp3
OK	0.88	be used to -ing	Be used to doing.	a1feayd0.mp3
OK	0.90	thanks to 〜	Thanks, too.	at0r3ji.mp3
OK	0.92	be about to 〜	Be about two.	ajbkf3b.mp3
OK	1.00	accept	Accept.	a1bhmcco.mp3
OK	1.00	accident	Accident.	azl3s3z.mp3
OK	1.00	according to 〜	According to	a640df9.mp3
OK	1.00	achieve	achieve.	a1fmsua9.mp3
OK	1.00	actually	Actually	a17tf44b.mp3
OK	1.00	admit	Admit.	a1j67o5.mp3
OK	1.00	advantage	Advantage.	a1lnoawb.mp3
OK	1.00	advice	Advice.	a1biicc8.mp3
OK	1.00	after all	After all...	agtwnrx.mp3
OK	1.00	allow	Allow.	a1jbayx.mp3
OK	1.00	amount	Amount.	a1bnc9y0.mp3
OK	1.00	ancient	Ancient.	a1krjph4.mp3
OK	1.00	announce	Announce.	a1oacfop.mp3
OK	1.00	anyway	Anyway.	a1bo2hkz.mp3
OK	1.00	apologize	Apologize.	alvrank.mp3
OK	1.00	appointment	Appointment.	a1amxsbj.mp3
OK	1.00	appreciate	Appreciate.	a93lujc.mp3
OK	1.00	arrange	Arrange.	a1mvu6jw.mp3
OK	1.00	article	article.	a1mx2nli.mp3
OK	1.00	as a result	As a result.	avirap6.mp3
OK	1.00	ask for 〜	ask for	aditnha.mp3
OK	1.00	at first	At first.	a148xugz.mp3
OK	1.00	at least	At least.	a14c5ph8.mp3
OK	1.00	attend	attend.	a1br9p5m.mp3
OK	1.00	attention	Attention.	a1t6dna6.mp3
OK	1.00	attitude	Attitude.	a91gi3u.mp3
OK	1.00	audience	Audience.	ag4v404.mp3
OK	1.00	available	Available.	a1mw5zgp.mp3
OK	1.00	average	average.	a1ol5xjx.mp3
OK	1.00	avoid	Avoid.	a1jhqwl.mp3
OK	1.00	be able to 〜	be able to.	abxhdeo.mp3
OK	1.00	be afraid of 〜	Be afraid of.	a2dfr47.mp3
OK	1.00	be based on 〜	Be based on.	a1ow8rqd.mp3
OK	1.00	be covered with 〜	Be covered with.	avooa6h.mp3
OK	1.00	be different from 〜	be different from.	acjnoyy.mp3
OK	1.00	be famous for 〜	Be famous for.	a15cgwrh.mp3
OK	1.00	be full of 〜	Be full of.	a1m9fyw7.mp3
OK	1.00	be interested in 〜	Be interested in.	adk60zf.mp3
OK	1.00	be proud of 〜	Be proud of.	a1gyvohg.mp3
OK	1.00	be responsible for 〜	Be responsible for.	a1x9q0ji.mp3
OK	1.00	be surprised at 〜	Be surprised at.	a1vfi0r5.mp3
OK	1.00	be worried about 〜	Be worried about.	a1clm9ks.mp3
OK	1.00	belong	Belong.	a1bzxi67.mp3
OK	1.00	bother	Bother.	a1c5kelq.mp3
OK	1.00	brave	Brave.	a1jyphc.mp3
OK	1.00	break down	Break down.	akl4wmb.mp3
OK	1.00	bring up 〜	Bring up.	a14ogv51.mp3
OK	1.00	by mistake	by mistake.	a1mx4nf9.mp3
OK	1.00	by the way	by the way.	aivgliv.mp3
OK	1.00	call back	Call back.	a1grcm09.mp3
OK	1.00	cancel	Cancel.	a1cesz22.mp3
OK	1.00	catch up with 〜	Catch up with.	a38m4oy.mp3
OK	1.00	celebrate	Celebrate.	anovow7.mp3
OK	1.00	ceremony	ceremony	a1mlocjm.mp3
OK	1.00	certain	Certain.	ab29h2a.mp3
OK	1.00	certainly	Certainly.	a1bt4e5r.mp3
OK	1.00	challenge	Challenge.	an73asj.mp3
OK	1.00	charge	Charge.	a1cifjjo.mp3
OK	1.00	cheerful	Cheerful.	apg92j4.mp3
OK	1.00	climate	Climate.	ae8i7tx.mp3
OK	1.00	clothing	Clothing.	ai38yh4.mp3
OK	1.00	coast	Coast.	a1kgl1y.mp3
OK	1.00	come true	come true	a15gtp9m.mp3
OK	1.00	come up with 〜	Come up with.	a1w1sfgr.mp3
OK	1.00	comfortable	Comfortable.	a1gqibl2.mp3
OK	1.00	communicate	Communicate.	a1kdm5rn.mp3
OK	1.00	community	Community.	a1ajt695.mp3
OK	1.00	compare	Compare.	afpw6at.mp3
OK	1.00	complain	Complain.	a1p47rvt.mp3
OK	1.00	complete	Complete.	a1p47v3t.mp3
OK	1.00	condition	condition.	a1ksb5ln.mp3
OK	1.00	consider	Consider	a1pmux89.mp3
OK	1.00	contact	Contact.	afqiihs.mp3
OK	1.00	contain	contain	afqiims.mp3
OK	1.00	continue	Continue.	a1pnexlz.mp3
OK	1.00	convenient	Convenient.	axq3xvj.mp3
OK	1.00	correct	Correct.	afsohuy.mp3
OK	1.00	cost	cost.	a1tkul.mp3
OK	1.00	count	Count.	a1kgzrj.mp3
OK	1.00	create	Create.	a1cnzp4s.mp3
OK	1.00	crowded	Crowded.	ah695ho.mp3
OK	1.00	culture	Culture.	aijp2um.mp3
OK	1.00	curious	Curious.	aimsp6s.mp3
OK	1.00	custom	Custom.	a1cpwepd.mp3
OK	1.00	customer	Customer.	aa0wfry.mp3
OK	1.00	cut down 〜	Cut down.	a174uq4c.mp3
OK	1.00	damage	Damage.	a1cvtx0v.mp3
OK	1.00	dangerous	Dangerous.	a1ex1d8q.mp3
OK	1.00	deal with 〜	Deal with.	a1x3x37a.mp3
OK	1.00	decision	Decision.	a9ctbks.mp3
OK	1.00	decrease	decrease.	a9hid9a.mp3
OK	1.00	deliver	Deliver.	apn6ecl.mp3
OK	1.00	depend on 〜	depend on	a1khyc7j.mp3
OK	1.00	describe	Describe.	agu7v0r.mp3
OK	1.00	destroy	Destroy.	apr7wmy.mp3
OK	1.00	detail	Detail.	a1cy5kcx.mp3
OK	1.00	develop	Develop.	apsll5p.mp3
OK	1.00	direction	Direction.	a1j40e4f.mp3
OK	1.00	disaster	Disaster.	a4hm7z5.mp3
OK	1.00	discover	Discover.	a4inap5.mp3
OK	1.00	discuss	Discuss.	arn3lr4.mp3
OK	1.00	distance	Distance.	a4rqoz9.mp3
OK	1.00	do one's best	Do one's best.	a13zr947.mp3
OK	1.00	easily	Easily.	a1dczjen.mp3
OK	1.00	effect	effect.	a1dfi4cx.mp3
OK	1.00	effort	Effort.	a1dfic4s.mp3
OK	1.00	electricity	electricity.	afug41d.mp3
OK	1.00	emergency	Emergency.	aqxves1.mp3
OK	1.00	empty	Empty.	a1lj7f1.mp3
OK	1.00	encourage	Encourage.	ap7hlsd.mp3
OK	1.00	energy	Energy.	a1djw3uw.mp3
OK	1.00	environment	Environment.	a1xlytcj.mp3
OK	1.00	equipment	equipment.	ahsu1zi.mp3
OK	1.00	especially	especially.	a1xwr4u9.mp3
OK	1.00	exactly	Exactly.	a1d59wb0.mp3
OK	1.00	examine	Examine.	a1d5g21t.mp3
OK	1.00	exchange	Exchange.	awwns4j.mp3
OK	1.00	expect	Expect.	a1dpkswp.mp3
OK	1.00	expensive	Expensive.	a26tonf.mp3
OK	1.00	experience	Experience.	a1xm61yi.mp3
OK	1.00	expert	Expert.	a1dpkt9m.mp3
OK	1.00	explain	Explain.	a1ddo5x3.mp3
OK	1.00	express	Express.	a1dds31s.mp3
OK	1.00	factory	Factory.	a1gz17uy.mp3
OK	1.00	fail	Fail.	a1v76m.mp3
OK	1.00	fall asleep	Fall asleep.	a12qw1uj.mp3
OK	1.00	familiar	Familiar.	ad0svid.mp3
OK	1.00	fee	fee	a264m.mp3
OK	1.00	feed	Feed.	a1va1q.mp3
OK	1.00	figure out 〜	Figure out.	a138v4b2.mp3
OK	1.00	finally	Finally.	a1kx3qf7.mp3
OK	1.00	find out 〜	Find out.	a1cjj82r.mp3
OK	1.00	flavor	Flavor.	a1dzro9q.mp3
OK	1.00	for a while	For a while.	a12c59az.mp3
OK	1.00	forecast	Forecast.	a7pvpx7.mp3
OK	1.00	foreign	Foreign.	a1ntn4r8.mp3
OK	1.00	fortunately	Fortunately.	ajer8fv.mp3
OK	1.00	fresh	Fresh.	a1m5yr2.mp3
OK	1.00	furniture	Furniture.	a1pfjfg2.mp3
OK	1.00	garbage	Garbage.	a1vvcmk5.mp3
OK	1.00	gather	Gather.	a1eb3e9n.mp3
OK	1.00	get along with 〜	Get along with.	a1vlbnxr.mp3
OK	1.00	get over 〜	Get over.	aghvtga.mp3
OK	1.00	get rid of 〜	Get rid of.	a1dch7m8.mp3
OK	1.00	get to 〜	Get to.	avq894x.mp3
OK	1.00	get together	Get together.	a1jh1fwk.mp3
OK	1.00	give a hand	Give a hand.	a1dbqri5.mp3
OK	1.00	give up 〜	Give up.	an4g8li.mp3
OK	1.00	government	Government.	a7y0ohd.mp3
OK	1.00	graduate	Graduate.	a1hl45n.mp3
OK	1.00	grow up	Grow up.	a4uoudk.mp3
OK	1.00	guess	Guess.	a1mrobb.mp3
OK	1.00	habit	Habit.	a1mympg.mp3
OK	1.00	hand in 〜	Hand in.	a1yxl5o2.mp3
OK	1.00	hardly	Hardly.	a1es3nw8.mp3
OK	1.00	harvest	Harvest.	abizpt5.mp3
OK	1.00	have a good time	Have a good time.	a8be5y1.mp3
OK	1.00	healthy	Healthy.	ad5nmal.mp3
OK	1.00	height	Height.	a1eu55if.mp3
OK	1.00	hide	Hide.	a1wmyq.mp3
OK	1.00	hold on	Hold on.	ai1yqqo.mp3
OK	1.00	huge	Huge.	a1wvxn.mp3
OK	1.00	hurt	Hurt.	a1ww7j.mp3
OK	1.00	image	Image.	a1nq2cb.mp3
OK	1.00	imagine	Imagine.	avmbgpi.mp3
OK	1.00	immediately	Immediately.	a159f0fy.mp3
OK	1.00	impossible	Impossible.	azm6rh1.mp3
OK	1.00	improve	Improve.	avurj3s.mp3
OK	1.00	in a hurry	In a hurry.	ac22geq.mp3
OK	1.00	in addition to 〜	In addition to...	a14aec2o.mp3
OK	1.00	in charge of 〜	in charge of	am63yis.mp3
OK	1.00	in fact	In fact...	av3lnd3.mp3
OK	1.00	in other words	In other words...	ap3d6vy.mp3
OK	1.00	in time	In time.	av3urc8.mp3
OK	1.00	include	Include.	aw4k3vs.mp3
OK	1.00	income	Income.	a1fg19d5.mp3
OK	1.00	increase	Increase.	a1kr2o2.mp3
OK	1.00	industry	industry.	a23peqm.mp3
OK	1.00	influence	influence.	aj9zit1.mp3
OK	1.00	instead	Instead.	awdhlc2.mp3
OK	1.00	instead of 〜	instead of	a1hryo8h.mp3
OK	1.00	instrument	instrument.	an2u21z.mp3
OK	1.00	introduce	Introduce.	aef5t0f.mp3
OK	1.00	invent	Invent.	a1fgd6qi.mp3
OK	1.00	invite	Invite.	a1fgd9u1.mp3
OK	1.00	item	Item.	a1xi4z.mp3
OK	1.00	journey	Journey.	a1bjzzy8.mp3
OK	1.00	keep in touch with 〜	Keep in touch with.	aqtcgjn.mp3
OK	1.00	knowledge	Knowledge.	apmrgxq.mp3
OK	1.00	lack	Lack.	a1z0yl.mp3
OK	1.00	license	License.	a2ra6v5.mp3
OK	1.00	local	Local.	a1perfv.mp3
OK	1.00	look after 〜	Look after.	auoecev.mp3
OK	1.00	look forward to 〜	Look forward to.	a1ulr95f.mp3
OK	1.00	make a mistake	Make a mistake.	aw2b0tp.mp3
OK	1.00	make friends with 〜	Make friends with.	a58lvvj.mp3
OK	1.00	make sense	Make sense.	a1f4n0n0.mp3
OK	1.00	make sure	Make sure.	ajza8zr.mp3
OK	1.00	manage	Manage.	a1h595k5.mp3
OK	1.00	material	Material.	a4y21bb.mp3
OK	1.00	medicine	Medicine.	a1k4utru.mp3
OK	1.00	memorize	Memorize.	a1ohtrz0.mp3
OK	1.00	mention	Mention.	afpt71m.mp3
OK	1.00	method	Method.	a1h7kb8h.mp3
OK	1.00	modern	Modern.	a1hcrz8f.mp3
OK	1.00	mostly	Mostly.	a1hd1v0w.mp3
OK	1.00	narrow	Narrow.	a1hmdopn.mp3
OK	1.00	native	Native.	a1hmes5z.mp3
OK	1.00	nearly	Nearly.	a1hoa08l.mp3
OK	1.00	necessary	Necessary.	a1o98f2n.mp3
OK	1.00	neighborhood	neighborhood.	a88rqj2.mp3
OK	1.00	nervous	Nervous.	augg27m.mp3
OK	1.00	no longer	No longer.	a7lxq3s.mp3
OK	1.00	noisy	noisy	a1qihim.mp3
OK	1.00	notice	Notice.	a1hu3w0o.mp3
OK	1.00	novel	Novel.	a1qiqt8.mp3
OK	1.00	object	Object.	a1i3tpvj.mp3
OK	1.00	offer	Offer.	a1qwgnw.mp3
OK	1.00	on purpose	On purpose.	a140xbdp.mp3
OK	1.00	on time	on time.	a1c54epa.mp3
OK	1.00	opportunity	Opportunity.	a1dns5oz.mp3
OK	1.00	order	Order.	a1r430u.mp3
OK	1.00	ordinary	Ordinary.	akh03xe.mp3
OK	1.00	participate	participate.	acowixq.mp3
OK	1.00	passenger	Passenger.	a1jelh96.mp3
OK	1.00	patient	Patient.	a1lxx7ut.mp3
OK	1.00	peaceful	peaceful	a1y27s5r.mp3
OK	1.00	perfect	Perfect.	a1nsy70t.mp3
OK	1.00	perform	Perform.	a1nsyesh.mp3
OK	1.00	period	Period.	a1imnx6p.mp3
OK	1.00	personal	Personal.	a7bujpc.mp3
OK	1.00	persuade	Persuade.	a7by41v.mp3
OK	1.00	pick up 〜	Pick up.	a1ab2tfa.mp3
OK	1.00	planet	Planet.	a1iq7q1k.mp3
OK	1.00	pleasure	Pleasure.	awm3t0t.mp3
OK	1.00	polite	Polite.	a1is21bh.mp3
OK	1.00	pollution	Pollution	a1wzp50q.mp3
OK	1.00	popular	Popular.	a1sikjq1.mp3
OK	1.00	population	Population	a11kc6dp.mp3
OK	1.00	possible	possible	aciittd.mp3
OK	1.00	praise	Praise.	a1itie7w.mp3
OK	1.00	prefer	Prefer	a1itkvm8.mp3
OK	1.00	prepare	Prepare.	a1trk9on.mp3
OK	1.00	prevent	Prevent.	a1tro6hk.mp3
OK	1.00	private	Private.	a1ttva0z.mp3
OK	1.00	probably	Probably.	a1ie1kxv.mp3
OK	1.00	produce	Produce.	a1twuy8w.mp3
OK	1.00	product	Product.	a1twuy9b.mp3
OK	1.00	professional	Professional.	aegzxuv.mp3
OK	1.00	professor	Professor.	a1icgfhr.mp3
OK	1.00	progress	Progress.	a1ih3h2l.mp3
OK	1.00	promise	Promise.	a1tx0gm3.mp3
OK	1.00	protect	Protect.	a1tx4u6n.mp3
OK	1.00	proud	Proud.	a1ro458.mp3
OK	1.00	provide	Provide.	a1tx674x.mp3
OK	1.00	public	Public.	a1iv6gyx.mp3
OK	1.00	publish	Publish.	a1v4zd3j.mp3
OK	1.00	purpose	Purpose.	a1vduqzi.mp3
OK	1.00	put off 〜	Put off.	a135778a.mp3
OK	1.00	put on 〜	Put on.	asrbgr0.mp3
OK	1.00	put up with 〜	Put up with.	a10214t2.mp3
OK	1.00	quality	Quality.	aarpssf.mp3
OK	1.00	quiet	Quiet.	a1s9ovo.mp3
OK	1.00	quite	Quite.	a1s9p86.mp3
OK	1.00	raise	Raise.	a1sgq24.mp3
OK	1.00	rare	Rare.	a22v8i.mp3
OK	1.00	rarely	Rarely.	a1jijwkv.mp3
OK	1.00	realize	Realize.	ahve4ty.mp3
OK	1.00	receive	Receive.	ahwd90j.mp3
OK	1.00	recently	Recently.	a1lnpjc8.mp3
OK	1.00	recipe	Recipe	a1jkhl72.mp3
OK	1.00	recognize	Recognize.	ag9o1vy.mp3
OK	1.00	recommend	Recommend.	agcy37g.mp3
OK	1.00	recycle	Recycle.	ahwpw2b.mp3
OK	1.00	reduce	Reduce.	a1jkigrq.mp3
OK	1.00	refuse	Refuse.	a1jkjr4k.mp3
OK	1.00	regular	Regular.	ahyuows.mp3
OK	1.00	relationship	Relationship.	a1up7nzs.mp3
OK	1.00	remain	Remain.	a1jknsz0.mp3
OK	1.00	replace	Replace.	ai3mv90.mp3
OK	1.00	reply	Reply.	a1sjf1m.mp3
OK	1.00	rescue	Rescue.	a1jkronn.mp3
OK	1.00	research	Research.	a1t8753v.mp3
OK	1.00	reserve	Reserve.	ai5656k.mp3
OK	1.00	resource	resource.	a1te1ury.mp3
OK	1.00	respect	Respect.	ai5cvye.mp3
OK	1.00	result	result.	a1jks1st.mp3
OK	1.00	run out of 〜	Run out of.	a1x8acuy.mp3
OK	1.00	scene	Scene.	a1t1pjg.mp3
OK	1.00	schedule	Schedule.	a1nhl6s7.mp3
OK	1.00	search	Search.	a1k1i3zc.mp3
OK	1.00	secret	Secret.	a1k1je0g.mp3
OK	1.00	section	Section.	awl13vp.mp3
OK	1.00	select	Select.	a1k1ov7g.mp3
OK	1.00	serious	Serious.	awt34is.mp3
OK	1.00	serve	serve	a1t39cf.mp3
OK	1.00	set up 〜	Set up.	amg6bpx.mp3
OK	1.00	several	Several.	awv7sos.mp3
OK	1.00	share	Share.	a1t4tlr.mp3
OK	1.00	sight	sight.	a1t5kt9.mp3
OK	1.00	similar	similar	aymikff.mp3
OK	1.00	simply	Simply.	a1k3wwxy.mp3
OK	1.00	situation	situation.	a1xtfbpa.mp3
OK	1.00	skill	skill.	a1t6wcx.mp3
OK	1.00	so far	so far	a1k5uatv.mp3
OK	1.00	society	Society.	a11ba84o.mp3
OK	1.00	speech	Speech.	a1k7m4te.mp3
OK	1.00	spend	Spend.	a1ta0da.mp3
OK	1.00	spread	Spread.	a1k7uflf.mp3
OK	1.00	statue	Statue.	a1k9r2sk.mp3
OK	1.00	stomach	Stomach.	a13v6bs7.mp3
OK	1.00	strange	Strange.	a13wmbgc.mp3
OK	1.00	strict	Strict.	a1ka1ozt.mp3
OK	1.00	succeed	Succeed.	a145g476.mp3
OK	1.00	such as 〜	such as	agyan6v.mp3
OK	1.00	suddenly	Suddenly.	a11nkajc.mp3
OK	1.00	suffer	suffer.	a1kadrkf.mp3
OK	1.00	suggest	suggest.	a147puv8.mp3
OK	1.00	supply	Supply.	a1kakd0v.mp3
OK	1.00	support	Support.	a14ctyhb.mp3
OK	1.00	surround	Surround.	a18i2nge.mp3
OK	1.00	survey	Survey.	a1kalra2.mp3
OK	1.00	survive	Survive.	a14e1982.mp3
OK	1.00	take care of 〜	Take care of.	aanuctl.mp3
OK	1.00	take off 〜	Take off.	asbgr82.mp3
OK	1.00	take part in 〜	Take part in.	a1jcn2c5.mp3
OK	1.00	take place	Take place.	asc427i.mp3
OK	1.00	technology	Technology.	a179a9sc.mp3
OK	1.00	temperature	Temperature.	a5bj69g.mp3
OK	1.00	terrible	Terrible.	a1fkkitf.mp3
OK	1.00	therefore	Therefore,	a2nw8bk.mp3
OK	1.00	throw away 〜	Throw away.	a17z2l0k.mp3
OK	1.00	tournament	Tournament.	a1ik4grt.mp3
OK	1.00	tradition	tradition.	acj0y9o.mp3
OK	1.00	traditional	traditional.	azodkmf.mp3
OK	1.00	traffic	Traffic.	a1hdnvul.mp3
OK	1.00	translate	Translate.	ahetufi.mp3
OK	1.00	treat	Treat.	a1tv2my.mp3
OK	1.00	trust	Trust.	a1tvexk.mp3
OK	1.00	truth	truth	a1tvey3.mp3
OK	1.00	turn down 〜	Turn down.	a5lifq9.mp3
OK	1.00	turn off 〜	Turn off.	a1cgmers.mp3
OK	1.00	unfortunately	Unfortunately.	a15o01tu.mp3
OK	1.00	unique	Unique.	a1l4olox.mp3
OK	1.00	used to 〜	used to	a1x1zw3e.mp3
OK	1.00	useful	useful.	a1l7csk6.mp3
OK	1.00	usually	Usually.	a1wu0lxr.mp3
OK	1.00	valuable	Valuable.	a1bpgvke.mp3
OK	1.00	variety	Variety.	a3wz87c.mp3
OK	1.00	vehicle	vehicle.	a5nnq5o.mp3
OK	1.00	volunteer	Volunteer.	azut2fe.mp3
OK	1.00	waste	Waste.	a1v7wgq.mp3
OK	1.00	wild	Wild.	a267yi.mp3
OK	1.00	wonder	Wonder.	a1m3ejzv.mp3
OK	1.00	work on 〜	Work on.	ah2jqa2.mp3
